username,password,first_name,last_name,address1,city,state,postal_code,email,phone,date_of_birth,created_at,role,latitude,longitude
Jestrada491,CPSC491!,Jake,Estrada,1030 Calle Sombra,San Clemente,CA,92672,Jestrada309@csu.fullerton.edu,949-525-3135,1995-08-15,2025-11-11T07:50:22.055247,Admin,,
Htran491,CPSC491!,Hubert,Tran,27572 Sweetbrier ln,Mission Viejo,CA,92691,huberttranstemclub@gmail.com,949-525-3136,2000-11-15,2025-11-11T07:50:22.055247,Admin,,
Ktran491,CPSC491!,Kenneth,Tran,22 La Ronda,Irvine,CA,92606,kqmtran@csu.fullerton.edu,949-525-3137,2000-11-15,2025-11-11T07:50:22.055247,Admin,,
EMartinez491,CPSC491!,Eduardo,Salvador-Martinez,52 Carriage Hill Ln,Laguna Hills,CA,92653,eduardosal714@csu.fullerton.edu,949-525-3138,2000-11-15,2025-11-11T07:50:22.055247,Admin,,
rudy_312,xcr666,Genia,Watrous,1818 State Route 3,Fulton,NY,13069,rudy.312@yahoo.com,171-048-1405,1969-12-28,2025-02-12T07:50:22.055247,Customer,,
dugi22,AZIJxNnCvu,Ladawn,Ates,517 West Avalon Ave,Muscle Shoals,AL,35661,dugi22@yahoo.com,175-403-4543,1988-03-29,2024-12-26T08:25:03.624079,Customer,,
MasterSystem,jUptM0ut6K,Rosalia,Rinaldo,2780 John Hawkins Pkwy,Hoover,AL,35244,mastersystem@hotmail.com,482-927-4317,1999-01-26,2024-01-23T03:35:57.173634,Customer,33.3538,-86.8254
iHavox,WOPSajlLrq,Burma,Deyoe,374 William S Canning Blvd,Fall River,MA,02721,ihavox@gmail.com,460-746-4389,1979-08-14,2022-12-28T00:10:18.229591,Customer,41.6883,-71.1574
hujda233,CvHkg6lyIP,Susie,Seigler,150 Barnum Avenue Cutoff,Stratford,CT,06614,hujda233@gmail.com,644-552-6878,1987-01-26,2023-04-12T11:53:05.303908,Customer,41.216,-73.1304
Sonnyneo,iC2I8S8YT4,Brooke,Benjamin,2300 Dixwell Ave,Hamden,CT,06514,sonnyneo@hotmail.com,860-786-1986,1999-06-14,2024-02-26T14:09:49.152902,Customer,41.362,-72.9361
_Milan_,kerstin,Jacquelyne,Hibbler,101 South Beltline Highway,Mobile,AL,36606,milan@gmail.com,307-212-0357,1986-12-30,2023-10-02T00:57:05.505059,Customer,30.6729,-88.1009
VASEK123789,samsung1,Milford,Watchman,750 Middle Country Road,Middle Island,NY,11953,vasek123789@hotmail.com,661-801-1039,1956-05-30,2024-07-07T04:21:36.372502,Customer,40.8782,-72.9525
pupdady,fighttodeath,Shaquana,Emigh,165 Vaughan Ln,Pell City,AL,35125,pupdady@gmail.com,292-979-1533,1970-11-13,2025-10-18T13:42:09.931510,Customer,33.5979,-86.3432
ewelinn,NmnieGENce,Trisha,Tullius,280 Washington Street,Hudson,MA,01749,ewelinn@hotmail.com,896-561-2352,1960-10-03,2022-11-15T03:50:20.432145,Customer,42.3918,-71.5609
MiStr8,palata,Nova,Boden,41301 US Hwy 280,Sylacauga,AL,35150,mistr8@hotmail.com,244-594-8150,1949-10-04,2023-08-24T00:07:05.864759,Customer,33.1717,-86.2713
nikolaslivia,petr199211,Bebe,Boddie,100 Thruway Plaza,Cheektowaga,NY,14225,nikolaslivia@yahoo.com,245-692-0871,1958-02-21,2025-02-22T17:40:27.101181,Customer,42.9255,-78.7481
lalik2,solemio,Venita,Volpe,34301 Hwy 43,Thomasville,AL,36784,lalik2@gmail.com,148-692-7898,1954-01-16,2022-12-15T10:59:58.948732,Customer,31.9067,-87.7598
hugonoha,cWJSKaZhPJ,Kayleigh,Cartier,300 Colony Place,Plymouth,MA,02360,hugonoha@gmail.com,855-710-6060,1947-10-24,2023-05-12T05:09:52.982018,Customer,41.9104,-70.642
mison,logitec,Codi,Garrels,10710 Chantilly Pkwy,Montgomery,AL,36117,mison@yahoo.com,660-903-0514,1968-08-27,2024-07-07T12:33:30.841884,Customer,32.3736,-86.1833
adamgh,135821,Kraig,Grove,9248 Parkway East,Birmingham,AL,35206,adamgh@hotmail.com,228-086-3768,1961-06-27,2024-03-31T16:25:45.692528,Customer,33.5678,-86.7199
AdamPitrèurák,aaaa,Merrilee,Shook,780 Lynnway,Lynn,MA,01905,adampitr.ur.k@yahoo.com,384-590-7931,1961-03-21,2023-03-20T20:31:58.911192,Customer,42.4694,-70.9728
Loerti,SIDshawn117,Mellissa,Mortimore,420 Buckland Hills Dr,Manchester,CT,06040,loerti@gmail.com,308-498-4458,1976-05-21,2022-12-14T20:22:07.409784,Customer,41.7777,-72.5244
momotaro,8811118426,Tameika,Reinbold,214 Haynes Street,Talladega,AL,35160,momotaro@gmail.com,000-495-1842,2004-12-25,2025-05-31T14:54:13.254297,Customer,33.4354,-86.1134
Enwar,KuR83g2p7m,Halley,Mccool,742 Main Street,North Oxford,MA,01537,enwar@gmail.com,478-139-3631,1990-02-25,2023-06-04T00:48:21.555169,Customer,42.1655,-71.886
Jano05111985,_-*-_pato*,Heidi,Abadie,2453 2Nd Avenue East,Oneonta,AL,35121,jano05111985@gmail.com,176-481-4245,1951-04-04,2024-03-26T10:05:53.708715,Customer,33.9259,-86.4741
Doleon,bJ56Ep866N,Haydee,Dry,121 Worcester Rd,Framingham,MA,01701,doleon@gmail.com,118-085-5987,1966-12-19,2024-09-22T06:24:34.770712,Customer,42.3007,-71.4255
popz,Ingrid2004,Dione,Stupka,3133 E Main St,Mohegan Lake,NY,10547,popz@gmail.com,060-458-3414,2003-12-26,2025-04-27T20:54:01.732238,Customer,41.3143,-73.8508
filiper16,eduardoo1,Katherin,Kampf,312 Palisades Blvd,Birmingham,AL,35209,filiper16@gmail.com,172-509-4766,1959-02-24,2023-12-09T02:36:19.369958,Customer,33.4653,-86.8082
antalab,komunizmus,Neil,Hammill,1501 Hwy 14 East,Selma,AL,36703,antalab@gmail.com,756-821-9819,1957-12-08,2024-09-26T07:44:53.775234,Customer,32.4156,-87.0135
JANUSO,slovensketorenty,Carmina,Camp,72 Main St,North Reading,MA,01864,januso@yahoo.com,302-118-1880,2002-10-18,2025-08-29T23:03:00.007559,Customer,42.5819,-71.0947
Dariussq,Fake1591,Rodger,Ruse,579 Troy-Schenectady Road,Latham,NY,12110,dariussq@yahoo.com,605-683-7944,1986-03-20,2022-11-10T04:52:04.790503,Customer,42.7462,-73.763
vladis17,patulovi1,Mica,Biffle,2900 S Mem PkwyDrake Ave,Huntsville,AL,35801,vladis17@hotmail.com,315-344-3054,1966-12-14,2024-11-12T18:23:16.820567,Customer,34.7269,-86.5673
rudolfgabor,kkookkoo,Molly,Mckinzie,350 E Fairmount Ave,Lakewood,NY,14750,rudolfgabor@yahoo.com,316-239-0941,1950-05-05,2023-06-29T05:00:27.741559,Customer,42.0973,-79.3291
Marek9259,kostra251,Enola,Volz,301 Massachusetts Ave,Lunenburg,MA,01462,marek9259@yahoo.com,024-085-0653,1981-06-14,2023-11-20T02:35:50.086087,Customer,42.5884,-71.7266
flegmy,PWqTJZMigp,Lissa,Andrews,5919 Trussville Crossings Pkwy,Birmingham,AL,35235,flegmy@gmail.com,955-766-0312,1984-09-22,2025-07-12T17:52:12.117595,Customer,33.6328,-86.6493
ardisko,deninho,Ricki,Palazzo,901 Route 110,Farmingdale,NY,11735,ardisko@gmail.com,536-404-4730,1956-09-11,2024-01-18T19:47:54.253357,Customer,40.7315,-73.4327
marratton001,D1596324781998,Deeann,Ashburn,2055 Niagara Falls Blvd,Amherst,NY,14228,marratton001@yahoo.com,900-797-1062,2005-07-05,2025-07-07T10:59:59.274874,Customer,43.0408,-78.7812
LuSs20,marko664,Guillermo,Feltz,1011 US Hwy 72 East,Athens,AL,35611,luss20@yahoo.com,733-349-5339,1984-01-05,2025-08-12T05:38:22.683308,Customer,34.8036,-86.9707
Plucky,poldo246,Adaline,Dale,465 Bridgeport Avenue,Shelton,CT,06484,plucky@hotmail.com,262-555-8733,1962-06-18,2023-08-15T17:57:06.046184,Customer,41.3047,-73.1294
Maty211,dubnican,Rocky,Pridmore,340 East Meighan Blvd,Gadsden,AL,35903,maty211@hotmail.com,129-034-4461,2005-01-15,2025-08-17T21:58:33.946432,Customer,33.9845,-85.9077
leguan197,13partik13,Horacio,Lundy,7100 Aaron Aronov Drive,Fairfield,AL,35064,leguan197@hotmail.com,929-470-5127,1970-02-09,2024-02-04T12:00:58.883613,Customer,33.4735,-86.9183
Cubalibre87,K/atusiatko25,Richie,Rames,20 Soojian Dr,Leicester,MA,01524,cubalibre87@gmail.com,779-598-1102,2006-06-07,2024-08-11T10:22:15.724916,Customer,42.237,-71.9188
jutres,ehd84m,Magnolia,Hice,626 Olive Street Sw,Cullman,AL,35055,jutres@hotmail.com,133-778-8160,1960-05-29,2024-04-28T22:04:24.591496,Customer,34.1761,-86.8298
keleystas,johncena1990,Andrea,Saine,1706 Military Street South,Hamilton,AL,35570,keleystas@yahoo.com,793-807-7468,1957-05-23,2025-05-09T16:57:51.767853,Customer,34.1534,-88.0085
sododawe,Shininka,Deeann,Thomsen,4310 Montgomery Hwy,Dothan,AL,36303,sododawe@hotmail.com,685-067-5989,1992-10-19,2025-04-30T20:33:22.618684,Customer,31.2668,-85.3971
patricie-ng,3584291,Kristan,Bulfer,6495 Atlanta Hwy,Montgomery,AL,36117,patricie.ng@gmail.com,135-774-9978,1968-02-18,2025-07-12T18:00:47.493784,Customer,32.3736,-86.1833
kutko44,lenule123,Flora,Plascencia,80 Town Line Rd,Rocky Hill,CT,06067,kutko44@hotmail.com,997-302-2416,1948-08-19,2025-03-01T07:39:33.202921,Customer,41.6583,-72.6632
Zafira,4fantasy,Dori,Reasoner,85 Crooked Hill Road,Commack,NY,11725,zafira@yahoo.com,415-730-6140,1991-06-28,2024-04-23T14:51:30.608135,Customer,40.843,-73.2799
Severocech,adeanka,Hettie,Borel,685 Schillinger Rd,Mobile,AL,36695,severocech@hotmail.com,052-333-2751,1992-10-01,2024-11-30T04:51:36.446618,Customer,30.6474,-88.2292
vlatkogh,liduska,Sheilah,Izaguirre,1501 Skyland Blvd E,Tuscaloosa,AL,35405,vlatkogh@hotmail.com,518-673-2473,1989-11-13,2024-06-08T11:56:13.103044,Customer,33.1617,-87.5144
Potterkoo,runing123,Migdalia,Killingsworth,233 5th Ave Ext,Johnstown,NY,12095,potterkoo@yahoo.com,649-520-4382,1997-02-09,2023-01-31T02:04:40.205307,Customer,43.0069,-74.3715
wiedemann,RfqyVam8v2,Brenda,Thakkar,3164 Berlin Turnpike,Newington,CT,06111,wiedemann@yahoo.com,221-737-7378,1995-02-05,2024-02-02T16:25:17.818927,Customer,41.686,-72.7296
jstr2,tomi152369,Desire,Klenke,1415 7Th Street South,Clanton,AL,35045,jstr2@gmail.com,904-190-0540,1973-03-25,2024-05-29T22:07:02.111897,Customer,32.8355,-86.6425
raawyeezus,picaskurvena,Valentina,Ficklin,1972 Hwy 431,Boaz,AL,35957,raawyeezus@gmail.com,283-813-5284,1945-03-01,2025-04-15T06:08:43.862379,Customer,34.1921,-86.1941
Martin_J,arara,Katherin,Antoine,2800 Spring Avn SW,Decatur,AL,35603,martin.j@yahoo.com,642-459-8001,1972-10-16,2023-12-04T01:22:17.047733,Customer,34.5484,-87.0004
machanm,9802114311,Lenita,Slevin,1300 Montgomery Highway,Vestavia Hills,AL,35216,machanm@yahoo.com,732-338-3207,1989-07-19,2025-01-12T11:24:42.029977,Customer,33.4188,-86.7867
VladkaF,zaseheslo,Emilia,Starns,600 Boll Weevil Circle,Enterprise,AL,36330,vladkaf@hotmail.com,122-758-6852,1999-04-10,2024-09-06T18:09:22.632334,Customer,31.3408,-85.8421
Fuko1,mnau,Antonio,Navarette,1095 Industrial Pkwy,Saraland,AL,36571,fuko1@yahoo.com,630-394-8323,1953-02-26,2024-01-27T16:23:53.676669,Customer,30.8332,-88.0934
annahx,Milacek241286,Oleta,Kwong,900 Boston Post Road,Guilford,CT,06437,annahx@hotmail.com,099-661-8611,1960-10-14,2023-11-07T20:37:39.926739,Customer,41.3154,-72.6968
t-pac9999,20010331,Adria,Fulop,41 Anawana Lake Road,Monticello,NY,12701,t.pac9999@yahoo.com,733-141-3232,1947-03-07,2023-09-12T12:27:19.295713,Customer,41.6516,-74.7007
matematik007,ada0915478046,June,Jolliff,2200 South Mckenzie St,Foley,AL,36535,matematik007@yahoo.com,315-303-9938,1956-05-30,2024-01-04T22:52:40.737160,Customer,30.4007,-87.6857
Slash321,frikadeli12,Ron,Laughridge,200 Dutch Meadows Ln,Glenville,NY,12302,slash321@gmail.com,868-576-8805,1979-06-22,2025-04-24T16:30:31.340250,Customer,42.88,-73.9913
resqeu00,linda007,Veda,Vincelette,333 Main Street,Tewksbury,MA,01876,resqeu00@hotmail.com,086-445-9125,1960-10-03,2023-10-21T06:31:43.851710,Customer,42.6028,-71.2232
fastsvk,drtikol,Giselle,Lou,67 Newton Rd,Danbury,CT,06810,fastsvk@gmail.com,760-694-2575,1979-03-10,2023-04-06T18:18:40.115732,Customer,41.3917,-73.4532
vavro,wanted55,Hermelinda,Payer,1608 W Magnolia Ave,Geneva,AL,36340,vavro@yahoo.com,488-071-5194,1967-08-09,2023-09-14T06:18:07.134761,Customer,31.0414,-85.8847
s_b,ir8JlhiXSh,Lily,Wolter,890 Odum Road,Gardendale,AL,35071,s.b@gmail.com,035-673-1152,1961-08-05,2024-05-12T16:46:01.073073,Customer,33.7189,-86.8225
8martin14,z1huqpk11s,Gale,Martensen,180 River Rd,Lisbon,CT,06351,8martin14@hotmail.com,466-810-3042,1970-04-27,2023-08-30T07:51:40.343088,Customer,41.6052,-71.9808
pukyno22,0910114364ketka,Kelvin,Hooser,7855 Moffett Rd,Semmes,AL,36575,pukyno22@yahoo.com,967-675-0049,1977-08-21,2025-02-19T15:40:42.284194,Customer,30.7544,-88.2667
Tornadox32,589563521547,Yuki,Shoaf,2400 Route 9,Fishkill,NY,12524,tornadox32@hotmail.com,646-617-0121,1970-07-08,2024-01-26T07:16:41.677691,Customer,41.5404,-73.8979
robbobinn,hades42337,Traci,Rodriques,13675 Hwy 43,Russellville,AL,35653,robbobinn@hotmail.com,463-147-8573,1973-06-14,2023-07-27T19:07:53.434955,Customer,34.5066,-87.7257
zami,krokous1,Adriene,Grabert,1365 Boston Post Road,Milford,CT,06460,zami@yahoo.com,184-117-5750,1953-12-04,2025-06-09T16:58:41.513003,Customer,41.2175,-73.0549
HatthoR,8510077125,Micaela,Lover,10401 Bennett Road,Fredonia,NY,14063,hatthor@hotmail.com,884-721-6235,1984-12-07,2022-11-15T06:15:44.932198,Customer,42.4333,-79.3339
elbrai,732873419,Bette,Church,1549 Rt 9,Halfmoon,NY,12065,elbrai@gmail.com,910-085-4193,2003-03-28,2025-09-22T21:38:12.333882,Customer,42.8499,-73.7851
lentilka1263,Vena2008,Hugo,Flagler,555 Hubbard Ave-Suite 12,Pittsfield,MA,01201,lentilka1263@hotmail.com,843-825-1485,1997-02-17,2024-12-05T11:52:37.750054,Customer,42.4531,-73.2471
kaceci,jumbo301,Joline,Flannigan,1100 New Haven Road,Naugatuck,CT,06770,kaceci@hotmail.com,989-125-7249,2001-10-30,2023-05-11T20:20:24.652133,Customer,41.492,-73.0493
zoomczc,marian harvan,Vinnie,Bains,235 Queen St,Southington,CT,06489,zoomczc@yahoo.com,482-453-8423,1963-06-18,2023-05-06T06:04:47.609794,Customer,41.6052,-72.8727
Mjuca,BvIeDHIJNe,Edda,Cheng,1400 County Rd 64,Horseheads,NY,14845,mjuca@gmail.com,020-197-9224,1977-01-20,2024-03-18T10:20:49.768855,Customer,42.1805,-76.8345
iceLAglace,android235,Larraine,Lybrand,591 Memorial Dr,Chicopee,MA,01020,icelaglace@hotmail.com,874-161-5276,1983-12-06,2023-08-11T13:43:14.186570,Customer,42.1764,-72.5761
jar215,780712,Eliana,Zych,8064 Brewerton Rd,Cicero,NY,13039,jar215@hotmail.com,778-251-2973,1969-04-26,2023-09-08T04:26:43.447924,Customer,43.1707,-76.0962
mkalman,golfbmw,Horacio,Gilford,680 Connecticut Avenue,Norwalk,CT,06854,mkalman@gmail.com,342-313-0346,1958-04-25,2024-06-05T02:43:01.527803,Customer,41.0957,-73.4285
Miroslav24,kohoutek,Deedee,Hollenbach,1717 South College Street,Auburn,AL,36830,miroslav24@yahoo.com,035-704-6369,1973-04-04,2023-02-10T19:36:12.490351,Customer,32.5475,-85.4682
vajsik,milacek27,Garnett,Calderone,1916 Center Point Rd,Center Point,AL,35215,vajsik@hotmail.com,649-451-4681,1958-10-24,2024-01-19T20:15:45.514480,Customer,33.6493,-86.7057
paris211111,ahmedek6,Xavier,Trotta,25737 US Rt 11,Evans Mills,NY,13637,paris211111@yahoo.com,086-020-8257,2001-12-07,2023-01-20T17:42:14.055127,Customer,44.0817,-75.8305
VeronikaK,antikol,Debi,Kanagy,2643 Hwy 280 West,Alexander City,AL,35010,veronikak@hotmail.com,269-772-8328,2002-09-05,2025-06-06T03:38:14.928792,Customer,32.9164,-85.9368
McFIDO,vlastimil23,Enid,Bouley,5245 Rangeline Service Rd,Mobile,AL,36619,mcfido@hotmail.com,537-172-3936,1989-12-05,2025-10-06T19:44:51.781242,Customer,30.5928,-88.1946
Milyhous,532499,Venice,Underhill,1450 No Brindlee Mtn Pkwy,Arab,AL,35016,milyhous@hotmail.com,252-031-6981,1963-07-26,2024-09-29T07:32:46.032704,Customer,34.3283,-86.4896
lukingh,mondeo2004,Ayako,Bichrest,301 Falls Blvd,Quincy,MA,02169,lukingh@yahoo.com,314-299-4965,1959-03-25,2023-09-14T09:15:57.961542,Customer,42.2491,-70.9978
riko,Janulienka1999,Griselda,Toy,337 Russell St,Hadley,MA,01035,riko@hotmail.com,599-591-1188,1970-08-21,2023-01-18T02:10:34.161389,Customer,42.3606,-72.5715
Pazuzu,cradle,Eleanore,Para,1105 Boston Road,Springfield,MA,01119,pazuzu@gmail.com,253-850-2986,1997-05-11,2025-09-16T00:54:29.464448,Customer,42.1247,-72.5121
lucasso,3813,Elisa,Vasquez,555 East Main St,Orange,MA,01364,lucasso@yahoo.com,840-152-9539,1999-11-13,2023-10-19T18:48:46.340402,Customer,42.6129,-72.2924
NeQsi,8ecaVNQWtz,Oswaldo,Crosier,250 Rt 59,Airmont,NY,10901,neqsi@yahoo.com,861-871-6565,1946-07-23,2025-08-20T19:01:32.253723,Customer,41.1177,-74.1241
wallve,963258741,Alesha,Borey,288 Larkin,Monroe,NY,10950,wallve@hotmail.com,900-785-6861,1991-04-12,2024-12-13T16:13:18.160357,Customer,41.3286,-74.1885
saatan,skullko1996,Meaghan,Majeed,650 Main Ave,Norwalk,CT,06851,saatan@gmail.com,721-855-5110,1983-11-13,2023-09-25T10:53:29.729333,Customer,41.1323,-73.4058
milda12345,29910115,Elayne,Shepherd,2900 Pepperrell Pkwy,Opelika,AL,36801,milda12345@hotmail.com,136-239-0821,2006-05-27,2023-03-07T21:47:27.619380,Customer,32.6454,-85.3783
vitamax,774206732,Brittny,Deschamp,3191 County rd 10,Canandaigua,NY,14424,vitamax@gmail.com,999-484-0478,1955-11-02,2024-08-09T16:36:13.940549,Customer,42.8689,-77.2846
zemekjiri,andp,Vannessa,Turcios,11610 Memorial Pkwy South,Huntsville,AL,35803,zemekjiri@gmail.com,390-598-7883,1969-12-07,2023-11-16T04:37:09.178993,Customer,34.6205,-86.551
nazgrael,1,Pennie,Alling,2200 Sparkman Drive,Huntsville,AL,35810,nazgrael@yahoo.com,839-328-4055,1954-06-07,2024-09-04T04:07:46.597265,Customer,34.7784,-86.6091
infernus1452,LiverpoolFC,Brandon,Authement,5360 Southwestern Blvd,Hamburg,NY,14075,infernus1452@hotmail.com,775-967-4262,1981-11-16,2024-12-20T11:25:53.880886,Customer,42.7334,-78.8389
Midnight,ouradka,Leigha,Towry,3005 Cranberry Hwy Rt 6 28,Wareham,MA,02538,midnight@gmail.com,020-500-7529,1945-03-31,2025-11-02T18:47:17.904593,Customer,41.7682,-70.6532
Dejv01,lofaska123,Angelica,Gonzalas,120 Commercial Parkway,Branford,CT,06405,dejv01@hotmail.com,469-260-4541,1992-04-03,2024-04-01T16:24:02.290257,Customer,41.28,-72.8106
Friconator,Tf2pzyvMMr,Veola,Domenech,701 Mcmeans Ave,Bay Minette,AL,36507,friconator@yahoo.com,488-289-0719,1955-04-21,2025-10-24T05:28:56.868399,Customer,30.8635,-87.7644
DanielSz,mandala,Jolene,Janes,1000 State Route 36,Hornell,NY,14843,danielsz@yahoo.com,432-966-6704,2004-11-08,2023-08-17T20:25:34.634764,Customer,42.3274,-77.6569
Janny7802,uYI9kBbPlR,Suanne,Nalls,5560 Mcclellan Blvd,Anniston,AL,36206,janny7802@yahoo.com,980-740-9812,2004-09-28,2023-02-08T10:07:11.264790,Customer,33.7191,-85.8389
navorka,Mayhemnorway,Etha,Nelligan,200 Otis Street,Northborough,MA,01532,navorka@gmail.com,799-761-5802,1958-03-09,2023-12-18T02:04:29.882576,Customer,42.3182,-71.6464
janysl,650466,Fransisca,Rand,1950 W Main St,Centre,AL,35960,janysl@yahoo.com,698-793-6912,1994-02-20,2024-01-17T07:55:28.346667,Customer,34.1116,-85.6092
ivan01,ppigroup,Carmine,Cogdill,8650 Madison Blvd,Madison,AL,35758,ivan01@hotmail.com,787-377-0943,2002-01-02,2024-08-18T13:26:39.448306,Customer,34.7108,-86.7425
mkopacek,samuel23,Aisha,Waller,330 Sutton Rd,Huntsville,AL,35763,mkopacek@hotmail.com,411-790-3934,1957-03-03,2025-03-10T04:38:19.350374,Customer,34.6215,-86.4644
Rousik,Obelix,Crista,Seawood,777 Brockton Avenue,Abington,MA,02351,rousik@hotmail.com,991-101-1422,1992-07-11,2023-07-03T11:17:15.300654,Customer,42.1167,-70.9543
moly9941,sakul.2494,Michelina,Holscher,250 Hartford Avenue,Bellingham,MA,02019,moly9941@yahoo.com,704-810-8929,2000-04-06,2025-06-03T16:54:32.771810,Customer,42.0746,-71.4768
martin1164,angel,Tamisha,Steinert,103 North Caroline St,Herkimer,NY,13350,martin1164@yahoo.com,984-200-8795,1979-12-19,2024-01-24T00:27:45.203413,Customer,43.0307,-74.9876
do-do,morysek1,Russell,Batres,101 Sanford Farm Shpg Center,Amsterdam,NY,12010,do.do@gmail.com,898-524-8934,1979-06-18,2025-05-28T03:04:12.720056,Customer,42.9387,-74.1882
genius09,miselka,Nolan,Harwell,255 W Main St,Avon,CT,06001,genius09@gmail.com,122-220-0356,1950-09-03,2023-06-11T11:32:51.469887,Customer,41.7905,-72.8653
Katza,patrik1992,Velva,Bing,315 Foxon Blvd,New Haven,CT,06513,katza@hotmail.com,359-349-4779,2005-10-31,2023-10-16T10:45:20.367873,Customer,41.3072,-72.8654
jaosobne,amigo512,Estefana,Chi,973 Gilbert Ferry Road Se,Attalla,AL,35954,jaosobne@yahoo.com,744-287-5809,1975-01-18,2022-11-11T20:22:56.682916,Customer,34.0296,-86.0967
beeruska,26355,Nicolas,China,3100 Hough Rd,Florence,AL,35630,beeruska@yahoo.com,460-225-0329,1948-03-13,2025-10-30T20:32:23.197756,Customer,34.8305,-87.656
fil,sampon,Chong,Torgeson,3222 State Rt 11,Malone,NY,12953,fil@hotmail.com,068-557-3495,1955-02-23,2025-08-31T09:35:58.419682,Customer,44.8482,-74.2928
cagika89,jedine123,Katharina,Kimes,4975 Transit Rd,Lancaster,NY,14086,cagika89@gmail.com,913-717-7557,1954-06-07,2022-11-16T05:35:02.077762,Customer,42.9017,-78.6631
mickeeee,VxuanKm0ru,Rochel,Boan,10040 County Road 48,Fairhope,AL,36533,mickeeee@yahoo.com,036-065-3478,1991-07-27,2023-03-28T22:02:06.910311,Customer,30.4841,-87.8606
prcko333,46115244,Elizabet,Bodine,16077 Highway 280,Chelsea,AL,35043,prcko333@gmail.com,177-041-1187,1974-02-26,2024-09-01T10:15:48.949892,Customer,33.2982,-86.6563
Zuska46,DJ5eo9LjAY,Sadie,Hazelton,4765 Commercial Drive,New Hartford,NY,13413,zuska46@yahoo.com,633-969-3385,2004-10-13,2023-04-28T12:28:31.493554,Customer,43.0654,-75.2906
Miriama,GiGx38,Lavada,Ligon,100 Charlton Road,Sturbridge,MA,01566,miriama@gmail.com,914-399-2839,1979-12-01,2023-06-06T03:18:42.852654,Customer,42.1126,-72.0842
Nephrix,cMIzQKQfIW,Bari,Burkhardt,540 West Bypass,Andalusia,AL,36420,nephrix@yahoo.com,396-130-7643,1994-10-22,2024-07-16T02:25:46.510969,Customer,31.2971,-86.4905
Bob111,golem,Houston,Oller,872 Route 13,Cortlandville,NY,13045,bob111@hotmail.com,067-249-0765,1964-01-28,2023-12-21T01:33:17.533280,Customer,42.5952,-76.1857
johny_b,ruzovazahrada,Nathan,Mistretta,1470 S Washington St,North Attleboro,MA,02760,johny.b@gmail.com,025-197-9671,1974-12-01,2025-07-26T16:52:07.391672,Customer,41.9775,-71.3298
Diana444,SQ6eJbwwq8,Tisha,Soderquist,474 Boston Post Road,North Windham,CT,06256,diana444@gmail.com,931-123-9151,1947-08-12,2024-10-16T20:51:22.790954,Customer,41.7451,-72.1601
nattyi,GWx3Vj7zM8,Domenic,Press,1903 Cobbs Ford Rd,Prattville,AL,36066,nattyi@gmail.com,741-697-8382,1960-10-12,2024-04-03T12:29:21.245408,Customer,32.4787,-86.43
Qdi950,mandragora,Hana,Huddle,515 Sawmill Road,West Haven,CT,06516,qdi950@gmail.com,966-905-5963,1952-09-03,2023-08-23T06:56:35.607846,Customer,41.2701,-72.9638
Kommo,France86,Selina,Leffler,450 Highland Ave,Salem,MA,01970,kommo@yahoo.com,100-345-0570,1974-04-21,2023-12-29T04:09:24.131844,Customer,42.5151,-70.9003
kleki,80Obulo7,Josette,Vavra,677 Timpany Blvd,Gardner,MA,01440,kleki@yahoo.com,936-192-6252,2002-12-13,2023-01-30T20:17:13.672570,Customer,42.574,-71.9898
bundle13,pyrokar,Rupert,Music,1420 Us 231 South,Troy,AL,36081,bundle13@hotmail.com,158-179-6064,1983-04-15,2023-06-08T07:21:29.477681,Customer,31.7945,-85.9655
erik12345,klinec,Britteny,Frierson,1007 Red Farmer Drive,Hueytown,AL,35023,erik12345@gmail.com,957-226-6463,1946-01-21,2025-03-30T13:47:58.427137,Customer,33.468,-87.0924
Katka28,POWER100,Matha,Pasco,55 Brooksby Village Way,Danvers,MA,01923,katka28@gmail.com,393-197-0157,1961-08-16,2024-05-10T18:38:42.293557,Customer,42.5694,-70.9425
jakubimrich,drobek666,Booker,Bowerman,180 North King Street,Northhampton,MA,01060,jakubimrich@hotmail.com,657-500-5197,1991-01-22,2025-03-23T14:03:19.889195,Customer,42.3223,-72.6313
milka123,supero,Carmelo,Wain,750 Academy Drive,Bessemer,AL,35022,milka123@hotmail.com,197-667-0526,1969-06-14,2024-10-31T06:44:17.742271,Customer,33.3224,-86.9657
romano-25,SWTEo4NYsZ,Viki,Perone,66-4 Parkhurst Rd,Chelmsford,MA,01824,romano.25@gmail.com,260-121-0183,1991-11-15,2024-06-03T22:25:22.381512,Customer,42.5911,-71.3556
Ipunks2,E6UsZzF5As,Samella,Shaughnessy,655 Boston Post Rd,Old Saybrook,CT,06475,ipunks2@hotmail.com,697-895-9881,1961-03-10,2023-01-31T07:17:33.834655,Customer,41.2913,-72.385
patapom,8h2564gp3oau7,Terrilyn,Maly,36 Paramount Drive,Raynham,MA,02767,patapom@gmail.com,609-389-5347,1991-03-22,2025-03-20T15:30:04.255898,Customer,41.9324,-71.0469
lucie12345,rokast007,Angla,Hartzler,5335 Hwy 280 South,Hoover,AL,35242,lucie12345@hotmail.com,213-212-9742,1948-04-16,2023-04-29T20:01:20.040934,Customer,33.3813,-86.7046
lovecek,mM1IFStL6u,Stacy,Andrzejewski,279 Troy Road,East Greenbush,NY,12061,lovecek@hotmail.com,011-831-5760,1965-07-04,2025-09-07T09:07:58.193472,Customer,42.5951,-73.6826
Bene¹ovský,zxcvbnm,Lakiesha,Liston,970 Torringford Street,Torrington,CT,06790,bene.ovsk@yahoo.com,136-978-5622,1996-08-21,2024-11-15T07:56:45.921184,Customer,41.8131,-73.1156
Doom351,YCsiSuPEC6,Elias,Polen,690 Hwy 78,Sumiton,AL,35148,doom351@gmail.com,218-047-3456,1969-03-06,2025-07-07T07:12:48.101589,Customer,33.768,-87.0445
janvon,5uMhr1UW7Z,Leida,Armes,11697 US Hwy 431,Guntersville,AL,35976,janvon@hotmail.com,755-501-7643,1980-08-10,2023-12-11T11:38:59.535755,Customer,34.3449,-86.2752
Rest111,jakub.skerlec99127,Sharonda,Reichel,4300 Lakeville Road,Geneseo,NY,14454,rest111@yahoo.com,377-909-6359,1975-07-17,2022-11-25T04:02:44.055770,Customer,42.7938,-77.7996
McMuller,O8gSv4xp8B,Twyla,Whitby,1201 Hwy 31 NW,Hartselle,AL,35640,mcmuller@hotmail.com,101-526-4209,1999-08-09,2023-12-20T05:17:16.077889,Customer,34.4482,-86.9242
flyman85,bart2424,Retha,Rojo,6438 Basile Rowe,East Syracuse,NY,13057,flyman85@hotmail.com,389-986-4950,1957-05-31,2025-03-02T17:37:22.330585,Customer,43.0734,-76.0558
hajky2,pulkas66,Jani,Foulds,13858 Rt 31 W,Albion,NY,14411,hajky2@yahoo.com,351-434-3413,1991-02-11,2024-04-02T20:00:31.280939,Customer,43.2398,-78.2068
magnum1010,zQrpANppBh,Marcell,Bruce,2041 Douglas Avenue,Brewton,AL,36426,magnum1010@gmail.com,884-129-7450,1991-09-16,2025-03-30T12:11:41.927977,Customer,31.1294,-87.0961
Moro,Oknaokna,Stephania,Fail,352 Palmer Road,Ware,MA,01082,moro@yahoo.com,676-568-4173,1957-08-03,2022-12-23T21:41:17.571194,Customer,42.2618,-72.2583
wowpop,heslo12345,Ed,Genovese,625 School Street,Putnam,CT,06260,wowpop@yahoo.com,127-675-9129,1983-10-23,2023-12-24T11:06:40.106598,Customer,41.9185,-71.8968
balharino,jakubo,Bulah,Wark,506 State Road,North Dartmouth,MA,02747,balharino@hotmail.com,236-177-9424,1973-04-12,2024-10-01T10:47:57.734030,Customer,41.6338,-70.9958
bumbrlik,R8909138172m,Cassandra,Fike,501 Willow Lane,Greenville,AL,36037,bumbrlik@gmail.com,067-195-4582,1994-07-08,2025-01-23T23:34:18.750014,Customer,31.81,-86.6229
pckoff,sktorrent555,Kala,Kopec,2500 Dawes Road,Mobile,AL,36695,pckoff@hotmail.com,783-259-1950,1967-02-19,2023-09-14T00:26:52.199932,Customer,30.6474,-88.2292
jarin1111,pumalejsn95123,Neoma,Pellegrino,2 Gannett Dr,Johnson City,NY,13790,jarin1111@gmail.com,537-362-9376,2002-01-10,2023-01-04T13:07:21.253065,Customer,42.1267,-75.9685
kikuska18,octavia454,Krystin,Morita,550 Providence Hwy,Walpole,MA,02081,kikuska18@hotmail.com,706-702-5329,1975-09-02,2023-08-15T14:04:28.565394,Customer,42.1444,-71.2544
jurasic2,RhIOJjwzIs,Yuonne,Ruder,6350 Cottage Hill Road,Mobile,AL,36609,jurasic2@gmail.com,543-519-4432,1982-12-25,2025-03-20T05:38:34.844937,Customer,30.6605,-88.1618
tragicgirl,0902076738,Leatha,Barfoot,297 Grant Avenue,Auburn,NY,13021,tragicgirl@gmail.com,525-768-9600,1952-01-08,2022-12-19T07:52:09.215744,Customer,42.93,-76.5626
palmout,artur123,Shaniqua,Pulido,470 Route 211 East,Middletown,NY,10940,palmout@hotmail.com,394-441-2711,1969-05-21,2024-08-08T10:12:02.170631,Customer,41.4512,-74.4701
Desp,gita101,Wenona,Williamson,42417 Hwy 195,Haleyville,AL,35565,desp@gmail.com,296-437-2533,2005-05-15,2025-04-12T18:08:50.187945,Customer,34.2314,-87.5938
ruszinho,9148,Ted,Hartig,141 Washington Ave Extension,Albany,NY,12205,ruszinho@yahoo.com,914-031-7094,1960-10-07,2023-11-22T08:30:36.942893,Customer,42.7198,-73.8207
Ogig,persia7,Cedrick,Agnew,1600 Montclair Rd,Birmingham,AL,35210,ogig@hotmail.com,700-728-3746,1988-02-25,2024-08-07T06:48:53.381350,Customer,33.5452,-86.6655
Ivomaj,lutatom,Hellen,Kimberling,969 Us Hwy 80 West,Demopolis,AL,36732,ivomaj@hotmail.com,326-039-7013,2006-07-27,2024-12-28T09:33:57.454035,Customer,32.4908,-87.8397
KingQuest,sQqbo8wWwU,Queen,Rayo,700 Oak Street,Brockton,MA,02301,kingquest@gmail.com,139-647-9751,1973-12-22,2025-02-24T17:38:39.450901,Customer,42.0794,-71.04
DusanDr,smiech,Santina,Cybulski,656 New Haven Ave,Derby,CT,06418,dusandr@yahoo.com,345-720-7290,1972-10-17,2024-03-05T11:46:10.301944,Customer,41.3229,-73.08
benny666,thehammers,Layne,Wetherell,161 Centereach Mall,Centereach,NY,11720,benny666@gmail.com,712-814-1079,1977-08-22,2025-07-26T22:34:37.122566,Customer,40.8705,-73.0822
tomas55,panchartkova,Louis,Bullard,2473 Hackworth Road,Adamsville,AL,35005,tomas55@gmail.com,020-389-7857,1947-09-13,2023-12-29T19:32:15.132394,Customer,33.5884,-86.9597
janiictta,rychlik,Renato,Carraway,1537 Hwy 231 South,Ozark,AL,36360,janiictta@yahoo.com,390-749-3758,1967-07-01,2023-11-13T12:08:28.823112,Customer,31.4391,-85.6436
Captain_Marek7,beTbmmoX92,Samantha,Hadfield,4538 Us Hwy 231,Wetumpka,AL,36092,captain.marek7@gmail.com,649-643-0912,1988-11-18,2023-10-25T07:19:21.970417,Customer,32.5927,-86.2153
kikusik56,8g0mePhutY,Chara,Chadburn,4180 Us Hwy 431,Roanoke,AL,36274,kikusik56@yahoo.com,782-432-5481,1949-10-09,2025-05-20T05:58:22.162792,Customer,33.1512,-85.3722
Skopino,marianka234,Weston,Conard,6265 Brockport Spencerport Rd,Brockport,NY,14420,skopino@gmail.com,352-562-3176,2003-01-14,2025-09-30T20:58:36.889461,Customer,43.2128,-77.9368
Zuzlinka23,jenka1991,Rosalia,Freeborn,3176 South Eufaula Avenue,Eufaula,AL,36027,zuzlinka23@yahoo.com,329-341-0590,1959-11-19,2023-07-14T12:02:51.948745,Customer,31.9051,-85.1656
oo_padi,jaroslavbuchta,Emilio,Right,135 Fairgrounds Memorial Pkwy,Ithaca,NY,14850,oo.padi@yahoo.com,758-900-3332,1995-11-06,2024-04-21T11:59:44.848088,Customer,42.4406,-76.4966
kibard,Be1at2a3,Harmony,Hofer,1180 Fall River Avenue,Seekonk,MA,02771,kibard@hotmail.com,676-998-3451,1989-07-08,2023-03-18T22:54:35.616764,Customer,41.8378,-71.3224
Peter66,renos,Laree,Kay,137 Teaticket Hwy,East Falmouth,MA,02536,peter66@gmail.com,756-620-8725,1990-02-09,2025-08-12T20:20:41.363887,Customer,41.5968,-70.5671
varvara,5lEpEepGAu,Monte,Rounds,495 Flatbush Ave,Hartford,CT,06106,varvara@gmail.com,129-327-8542,1989-09-30,2023-08-22T05:23:41.932636,Customer,41.7498,-72.6947
renat_hnidka,darling11,Doris,Diangelo,200 Sunrise Mall,Massapequa,NY,11758,renat.hnidka@hotmail.com,605-321-1280,1981-03-25,2023-06-01T05:24:32.384925,Customer,40.6682,-73.4588
tussock,jojko,Robbyn,Diem,601 Frank Stottile Blvd,Kingston,NY,12401,tussock@hotmail.com,461-662-6020,1985-04-19,2024-03-25T05:08:17.633383,Customer,41.9697,-74.0668
eMCe8,montgomery,Kaitlyn,River,5710 Mcfarland Blvd,Northport,AL,35476,emce8@yahoo.com,497-624-5819,1987-06-16,2022-12-29T00:42:18.100832,Customer,33.2273,-87.5943
mimakrokodyl,nelinka,Gillian,Schimke,2181 Pelham Pkwy,Pelham,AL,35124,mimakrokodyl@hotmail.com,529-725-9757,2005-08-15,2024-12-19T10:02:38.071725,Customer,33.2932,-86.768
margla,hanisek56,Yukiko,Furtado,425 Route 31,Macedon,NY,14502,margla@yahoo.com,162-454-0070,2006-12-30,2024-05-22T11:38:40.402200,Customer,43.0784,-77.3372
rosta33,matus14789,Sue,Seth,42 Fairhaven Commons Way,Fairhaven,MA,02719,rosta33@gmail.com,787-298-3581,1979-02-03,2025-09-22T00:33:25.517665,Customer,41.6409,-70.8896
Lucenzo200,ARjhRKZH4f,Ailene,Eddleman,295 Plymouth Street,Halifax,MA,02338,lucenzo200@yahoo.com,054-727-2807,1960-07-06,2023-03-26T03:17:55.655407,Customer,42.0002,-70.8448
KUROCHIMENES,12111990,Genevive,Gately,139 Merchant Place,Cobleskill,NY,12043,kurochimenes@yahoo.com,938-664-2526,1996-03-15,2024-03-29T19:24:17.893299,Customer,42.684,-74.4939
krasny7,adfadag,Aurelio,Angles,3371 S Alabama Ave,Monroeville,AL,36460,krasny7@yahoo.com,317-692-8865,1963-05-14,2023-01-02T02:18:34.194932,Customer,31.5153,-87.341
bobovicka,hektor123,Thea,Piekarski,155 Waterford Parkway No,Waterford,CT,06385,bobovicka@gmail.com,431-057-7522,1983-12-13,2023-01-14T14:30:14.690154,Customer,41.3469,-72.1458
robo288,potrubie,Trina,Tracey,11 Jungle Road,Leominster,MA,01453,robo288@gmail.com,586-346-8753,1958-07-06,2025-01-27T21:30:52.116200,Customer,42.5274,-71.7563
kuresjjj,jaBzajI0m1,Rachel,Rink,3186 Hwy 171 North,Fayette,AL,35555,kuresjjj@hotmail.com,261-930-9087,1945-03-14,2025-08-27T20:58:35.289388,Customer,33.6974,-87.8346
radte,aBKi5kypg9,Christiana,Adcox,311 RT 9W,Glenmont,NY,12077,radte@yahoo.com,674-280-4011,1997-06-25,2025-04-10T03:42:12.084671,Customer,42.5971,-73.7959
ILI,rafaela,Karena,Knapp,851 Ann St,Montgomery,AL,36107,ili@gmail.com,756-753-5468,2001-08-20,2023-07-03T18:44:01.187714,Customer,32.3804,-86.2799
mdw101,Ametyst123,Luna,Gleaton,630 Coonial Promenade Pkwy,Alabaster,AL,35007,mdw101@yahoo.com,269-880-6004,1974-05-06,2024-12-21T17:17:37.616340,Customer,33.1934,-86.7944
guhelk,3iTvE6WOvD,Natalya,Bremer,1801 Hwy 78 East,Jasper,AL,35501,guhelk@hotmail.com,348-887-2597,1984-04-14,2024-08-12T14:42:24.947527,Customer,33.8312,-87.2775
Tino250,29C50jGl7b,Hilary,Garibaldi,150 Springville Station Blvd,Springville,AL,35146,tino250@gmail.com,311-302-5858,2006-08-29,2024-03-01T06:18:08.279889,Customer,33.7386,-86.4394
hermes,28293031jk,Shanel,Postma,2465 Hempstead Turnpike,East Meadow,NY,11554,hermes@gmail.com,762-280-4026,1986-10-31,2022-12-21T11:46:08.560063,Customer,40.7149,-73.5561
didaktikmc,2108196921081969,Tobie,Teamer,3018 East Ave,Central Square,NY,13036,didaktikmc@hotmail.com,562-573-0843,1953-11-04,2023-10-28T23:51:37.640168,Customer,43.309,-76.1849
mato1150,ytselemanvoh,Carina,Calico,150 Gold Star Hwy,Groton,CT,06340,mato1150@gmail.com,476-974-3412,1972-04-14,2023-05-21T00:19:17.556810,Customer,41.3572,-72.0579
martinek_3,erikerik,Myriam,Roberie,5399 W Genesse St,Camillus,NY,13031,martinek.3@yahoo.com,312-077-4075,1945-03-30,2025-07-18T14:49:00.784452,Customer,43.0417,-76.2807
jocco,agbdlicd,Fabiola,Virden,145 Kelley Blvd,Millbrook,AL,36054,jocco@gmail.com,709-318-7107,1976-12-01,2023-03-12T21:42:39.629538,Customer,32.4995,-86.3641
Peasy,mil4u,Celestine,Chadwell,170 Fort Morgan Road,Gulf Shores,AL,36542,peasy@gmail.com,388-978-3556,1979-05-20,2023-11-01T19:03:53.224194,Customer,30.2717,-87.7589
Kiska007,73797379,America,Tocci,1970 S University Blvd,Mobile,AL,36609,kiska007@yahoo.com,885-448-7900,1981-11-23,2022-12-11T08:32:18.274407,Customer,30.6605,-88.1618
marianus333,arizona1996,Christiana,Rippe,1625 Pelham South,Jacksonville,AL,36265,marianus333@yahoo.com,708-796-3338,1994-05-21,2024-08-10T14:24:02.888892,Customer,33.831,-85.7752
karbi02,audi80,Marina,Ocon,3501 20th Av,Valley,AL,36854,karbi02@gmail.com,907-483-5084,1959-10-08,2025-08-04T18:02:45.672975,Customer,32.8113,-85.1749
Brmbolec23,mojamata,Zoraida,Zwilling,15445 Highway 24,Moulton,AL,35650,brmbolec23@hotmail.com,465-215-9897,1954-04-16,2025-08-23T02:21:50.880928,Customer,34.5058,-87.2224
pistagolombus,kuco891,Demetria,Mund,2001 Glenn Bldv Sw,Fort Payne,AL,35968,pistagolombus@yahoo.com,534-798-3960,1965-10-13,2023-06-18T20:46:30.749681,Customer,34.4898,-85.7657
janbielak,YQwBIH1Y9b,Rosetta,Flagg,3949 Route 31,Clay,NY,13041,janbielak@yahoo.com,122-960-2039,1986-11-07,2023-10-07T22:59:19.717833,Customer,43.1737,-76.1707
jarmila27,OihvR8BZU0,Sylvester,Verrett,4133 Veterans Memorial Drive,Batavia,NY,14020,jarmila27@hotmail.com,430-681-7328,1949-12-23,2025-03-20T03:53:54.992568,Customer,43.0003,-78.1929
Stocki,474325,Landon,Abe,7155 State Rt 12 S,Lowville,NY,13367,stocki@hotmail.com,677-754-2597,1977-09-11,2025-01-12T18:26:17.237810,Customer,43.7893,-75.4156
marcus22,synekdusan123,Vito,Mackin,830 Curran Memorial Hwy,North Adams,MA,01247,marcus22@hotmail.com,984-455-0955,1968-08-11,2025-10-25T08:12:54.763227,Customer,42.6955,-73.08
sn_oop,Gigabyte1,Geraldine,Border,5033 Transit Road,Clarence,NY,14031,sn.oop@yahoo.com,667-059-4067,1962-09-10,2023-01-22T11:24:21.009139,Customer,42.981,-78.6162
feroman,rabaka,Gayle,Modica,3300 South Oates Street,Dothan,AL,36301,feroman@yahoo.com,118-240-7924,2003-12-26,2024-07-02T04:17:32.892656,Customer,31.1481,-85.3718
tomek82,formule1,Hai,Lippert,1300 Gilmer Ave,Tallassee,AL,36078,tomek82@yahoo.com,198-154-6688,2000-12-22,2025-09-18T11:39:24.624544,Customer,32.551,-85.8978
nasobi,chelsea,Chantel,Absher,6140A Univ Drive,Huntsville,AL,35806,nasobi@gmail.com,170-904-7482,1971-07-05,2023-12-16T11:13:14.617687,Customer,34.7448,-86.6704
kvrdlic,602931836,Micheline,Nosal,8551 Whitfield Ave,Leeds,AL,35094,kvrdlic@gmail.com,243-678-6662,1994-09-08,2023-10-27T13:40:12.449080,Customer,33.5283,-86.5748
polikoly,14mareqves11,Celina,Carn,844 No Colony Road,Wallingford,CT,06492,polikoly@hotmail.com,504-315-7831,2002-01-11,2025-02-16T15:22:10.953581,Customer,41.46,-72.8222
pomarancovnik,netreba,Vivian,Piermarini,262 Swansea Mall Dr,Swansea,MA,02777,pomarancovnik@yahoo.com,247-384-6861,1993-02-12,2023-04-03T23:14:22.580132,Customer,41.7473,-71.2122
kralis11,tom12387,Noe,Mahler,27520 Hwy 98,Daphne,AL,36526,kralis11@hotmail.com,777-891-8686,1955-04-19,2025-10-31T03:54:55.454517,Customer,30.6197,-87.8895
alex926,888Kubo888,Yukiko,Funderburg,24833 Johnt Reidprkw,Scottsboro,AL,35768,alex926@gmail.com,603-598-4846,1975-03-13,2025-11-02T04:17:13.523337,Customer,34.7507,-86.1422
Luká¹Z,mGHgX49uYg,Cuc,Phinney,30 Memorial Drive,Avon,MA,02322,luk.z@gmail.com,203-949-4292,1995-01-08,2024-11-11T18:03:17.588708,Customer,42.1258,-71.0437
FlyWater,vladobrajen,Benton,Duty,30 Catskill,Catskill,NY,12414,flywater@yahoo.com,107-595-5482,1945-12-13,2025-10-31T18:26:13.197327,Customer,42.2276,-73.8985
paruza,mazda323f,Mana,Seegmiller,10675 Hwy 5,Brent,AL,35034,paruza@yahoo.com,957-993-5445,1997-06-20,2024-03-27T20:48:08.365265,Customer,32.9357,-87.2114
devilkin2,trpaslik123,Sook,Varnell,910 Wolcott St,Waterbury,CT,06705,devilkin2@yahoo.com,713-667-0922,1958-04-27,2024-10-16T13:27:47.931096,Customer,41.5503,-72.9963
midgis,romaneta,Dena,Gregoire,5100 Hwy 31,Calera,AL,35040,midgis@gmail.com,189-954-7487,1973-09-16,2025-01-02T09:17:13.071965,Customer,33.1098,-86.756
Pato935935,Jardovo tago,Sharron,Stutes,161 Berlin Road,Cromwell,CT,06416,pato935935@gmail.com,200-314-5526,1972-09-30,2025-09-11T22:45:06.854776,Customer,41.6105,-72.6663
Cenda,tatra613,Marylouise,Dorn,1201 Rt 300,Newburgh,NY,12550,cenda@hotmail.com,002-499-8709,1950-05-30,2024-06-03T06:21:47.926339,Customer,41.5372,-74.0526
jozefrusinko,nasratxx,Londa,Gamache,164 Danbury Rd,New Milford,CT,06776,jozefrusinko@yahoo.com,168-335-8516,1966-06-30,2024-01-18T10:41:03.246306,Customer,41.5817,-73.4128
Pista43,KVIETOCEK,Dong,Davey,5783 So Transit Road,Lockport,NY,14094,pista43@gmail.com,013-904-1643,2003-12-12,2024-06-11T04:59:15.365944,Customer,43.16,-78.6923
mira97mira88,26051986,Vivien,Escalera,3801 Eastern Blvd,Montgomery,AL,36116,mira97mira88@gmail.com,955-237-7335,1987-05-18,2023-06-10T02:01:30.647235,Customer,32.3129,-86.2421
riki132,0326154987,Kristen,Gilley,100 Elm Ridge Center Dr,Greece,NY,14626,riki132@gmail.com,302-021-8522,1975-04-12,2025-03-03T21:53:16.922293,Customer,43.2126,-77.704
dawexdd,123123123123,Whitley,Leppert,3700 Hwy 280-431 N,Phenix City,AL,36867,dawexdd@hotmail.com,422-128-4110,1948-11-22,2024-05-06T08:23:13.654508,Customer,32.4978,-85.0234
Mercerius,HEFSDNXFVw,Terina,Than,92 Plaza Lane,Oxford,AL,36203,mercerius@hotmail.com,202-707-9440,1993-03-08,2025-05-28T14:12:31.259890,Customer,33.5815,-85.8328
mrs_acu,dlouhan950sm,Francoise,Dudgeon,220 Salem Turnpike,Norwich,CT,06360,mrs.acu@gmail.com,588-300-6149,1964-08-08,2022-11-27T12:41:28.165465,Customer,41.5371,-72.0849
cibe,Zuzka,Doug,Mehr,2575 Us Hwy 43,Winfield,AL,35594,cibe@gmail.com,696-867-6520,1989-07-26,2025-04-11T17:20:58.842920,Customer,33.9303,-87.7972
rellik263,martinajirka1,Tobias,Wronski,70 Pleasant Valley Street,Methuen,MA,01844,rellik263@yahoo.com,616-260-7379,1980-06-15,2024-02-15T08:10:10.711893,Customer,42.728,-71.181
mike6,veverka1978,Alethia,Tiemann,4206 N College Ave,Jackson,AL,36545,mike6@hotmail.com,878-546-2510,1965-05-30,2024-01-19T08:21:16.565249,Customer,31.5131,-87.8672
Charlie86spoll,gangxta,Hyman,Fogarty,990 Route 5 20,Geneva,NY,14456,charlie86spoll@yahoo.com,442-996-1050,1997-04-22,2024-08-28T08:18:13.156687,Customer,42.8637,-76.9913
lukas241,salama999,Guadalupe,Linen,69 Prospect Hill Road,East Windsor,CT,06088,lukas241@gmail.com,512-107-5800,1976-12-21,2023-08-10T02:26:50.217791,Customer,41.9099,-72.6029
palpal282,Pikomi04,Brooks,Weitzel,1775 Washington St,Hanover,MA,02339,palpal282@gmail.com,679-071-9840,1968-02-11,2023-12-29T03:45:41.252242,Customer,42.1214,-70.857
adam00,33556644,Elke,Licht,43 Stephenville St,Massena,NY,13662,adam00@gmail.com,403-016-0463,1983-06-02,2024-11-04T09:53:07.780243,Customer,44.9322,-74.8845
Kuna,smudla1988,Sharri,Yocum,209 Lakeshore Parkway,Homewood,AL,35209,kuna@gmail.com,147-922-3679,2000-08-07,2022-12-27T03:47:43.816659,Customer,33.4653,-86.8082
BLEK0TA,kolemkul,Theron,Lemons,1400 Farmington Ave,Bristol,CT,06010,blek0ta@yahoo.com,676-830-9162,1970-08-12,2024-08-12T12:34:44.461442,Customer,41.6823,-72.9302
